期号,赛果冷热,一等奖
23001,超级冷,81301
23002,一般,2549
23003,一般,3950
23004,超级冷,67623
23005,超级冷,28646
23006,一般,3047
23007,一般,4047
23008,一般,1586
23009,比较冷,13587
23010,超级冷,147130
23011,一般,1569
23012,比较冷,8329
23013,一般,3147
23014,超级冷,109047
23015,一般,3920
23016,比较冷,5340
23017,比较冷,10412
23018,一般,100
23019,一般,2454
23020,超级冷,71985
23021,超级冷,25330
23022,超级冷,146958
23023,一般,258
23024,一般,736
23025,一般,382
23026,一般,517
23027,超级冷,71256
23028,一般,236
23029,一般,978
23030,超级冷,24147
23031,一般,462
23032,比较冷,11697
23033,一般,549
23034,一般,4809
23035,一般,394
23036,一般,1240
23037,一般,777
23038,超级冷,60220
23039,比较冷,11322
23040,一般,68
23041,一般,332
23042,一般,99
23043,一般,2855
23044,一般,2656
23045,一般,2816
23046,超级冷,55819
23047,一般,4757
23048,超级冷,208548
23049,比较冷,13166
23050,一般,403
23051,超级冷,139247
23052,一般,1130
23053,超级冷,114811
23054,比较冷,7841
23055,一般,1759
23056,超级冷,19173
23057,超级冷,45772
23058,一般,3199
23059,一般,296
23060,一般,784
23061,一般,86
23062,一般,238
23063,比较冷,5203
23064,一般,3450
23065,一般,233
23066,一般,1987
23067,一般,342
23068,一般,1136
23069,超级冷,31918
23070,一般,487
23071,一般,3365
23072,超级冷,21094
23073,一般,1717
23074,超级冷,37967
23075,一般,828
23076,比较冷,11668
23077,一般,116
23078,一般,431
23079,一般,211
23080,超级冷,58030
23081,比较冷,10616
23082,一般,4217
23083,一般,3830
23084,比较冷,10624
23085,一般,1350
23086,一般,4699
23087,一般,3096
23088,一般,1238
23089,一般,3327
23090,一般,205
23091,一般,2798
23092,比较冷,5880
23093,一般,3382
23094,一般,1592
23095,超级冷,291134
23096,一般,2497
23097,比较冷,9652
23098,一般,179
23099,一般,3947
23100,超级冷,24761
23101,一般,709
23102,一般,648
23103,一般,179
23104,一般,885
23105,一般,3629
23106,超级冷,74423
23107,比较冷,5361
23108,超级冷,27028
23109,超级冷,177807
23110,比较冷,9729
23111,一般,72
23112,一般,35
23113,一般,2295
23114,一般,28
23115,超级冷,128599
23116,一般,332
23117,一般,4842
23118,一般,186
23119,一般,21
23120,一般,1477
23121,一般,2036
23122,超级冷,59065
23123,比较冷,10476
23124,超级冷,22198
23125,超级冷,20319
23126,一般,1583
23127,比较冷,9136
23128,一般,3835
23129,比较冷,8503
23130,超级冷,34280
23131,一般,603
23132,一般,112
23133,一般,411
23134,一般,120
23135,一般,1430
23136,一般,35
23137,一般,421
23138,一般,319
23139,一般,107
23140,超级冷,183274
23141,超级冷,39129
23142,超级冷,84524
23143,一般,959
23144,一般,254
23145,一般,2276
23146,一般,715
23147,一般,98
23148,比较冷,9383
23149,一般,44
23150,一般,1391
23151,一般,810
23152,一般,3473
23153,一般,1817
23154,一般,4586
23155,一般,3627
23156,一般,1358
23157,一般,13
23158,比较冷,6254
23159,一般,549
23160,比较冷,10690
23161,一般,2821
23162,超级冷,122729
23163,比较冷,10370
23164,一般,1607
23165,一般,229
23166,超级冷,16376
23167,比较冷,6201
23168,一般,445
23169,超级冷,105170
23170,一般,80
23171,超级冷,33642
23172,一般,4186
23173,超级冷,141149
23174,一般,479
24001,比较冷,5251
24002,一般,269
24003,一般,146
24004,比较冷,5535
24005,一般,734
24006,一般,2492
24007,一般,1535
24008,一般,477
24009,一般,784
24010,比较冷,6012
24011,一般,2869
24012,超级冷,17141
24013,超级冷,19475
24014,比较冷,11570
24015,一般,2333
24016,超级冷,67252
24017,一般,181
24018,比较冷,8341
24019,一般,927
24020,一般,4533
24021,比较冷,12794
24022,比较冷,14569
24023,超级冷,281180
24024,比较冷,5622
24025,超级冷,254146
24026,超级冷,19037
24027,比较冷,6549
24028,超级冷,83162
24029,一般,1619
24030,一般,123
24031,比较冷,7514
24032,一般,321
24033,比较冷,13248
24034,一般,163
24035,比较冷,7278
24036,一般,1409
24037,一般,530
24038,一般,1355
24039,一般,1777
24040,一般,90
24041,一般,2005
24042,一般,1390
24043,一般,1924
24044,一般,137
24045,超级冷,308921
24046,一般,1324
24047,一般,1423
24048,比较冷,11748
24049,超级冷,44199
24050,比较冷,7124
24051,一般,1585
24052,一般,1170
24053,比较冷,12149
24054,超级冷,67968
24055,超级冷,142065
24056,超级冷,30451
24057,比较冷,10579
24058,一般,2292
24059,超级冷,266633
24060,比较冷,7552
24061,超级冷,21060
24062,超级冷,34040
24063,一般,1355
24064,一般,848
24065,一般,463
24066,一般,3381
24067,超级冷,28771
24068,超级冷,29415
24069,一般,2083
24070,比较冷,7556
24071,一般,4126
24072,一般,584
24073,超级冷,254926
24074,超级冷,23592
24075,比较冷,14592
24076,比较冷,10430
24077,一般,4326
24078,一般,4088
24079,比较冷,8315
24080,一般,1324
24081,一般,290
24082,一般,218
24083,超级冷,66697
24084,超级冷,52575
24085,超级冷,43444
24086,一般,1907
24087,一般,3597
24088,超级冷,117686
24089,一般,62
24090,一般,90
24091,比较冷,11598
24092,一般,34
24093,一般,2024
24094,一般,549
24095,超级冷,62939
24096,一般,2834
24097,比较冷,5801
24098,比较冷,9523
24099,超级冷,147598
24100,一般,1149
24101,一般,4414
24102,一般,764
24103,一般,198
24104,一般,570
24105,一般,4533
24106,超级冷,157984
24107,比较冷,5649
24108,超级冷,19118
24109,超级冷,58015
24110,一般,68
24111,比较冷,6344
24112,一般,3154
24113,一般,289
24114,一般,14
24115,一般,1101
24116,超级冷,82934
24117,比较冷,8421
24118,比较冷,6730
24119,超级冷,30189
24120,比较冷,5591
24121,比较冷,5315
24122,超级冷,93253
24123,一般,241
24124,一般,4724
24125,超级冷,185816
24126,一般,1276
24127,一般,167
24128,一般,389
24129,一般,141
24130,比较冷,5913
24131,超级冷,110550
24132,比较冷,5983
24133,一般,4540
24134,一般,3179
24135,比较冷,5671
24136,超级冷,118993
24137,比较冷,8513
24138,一般,60
24139,一般,561
24140,一般,2222
24141,比较冷,9262
24142,一般,1927
24143,一般,312
24144,一般,1232
24145,比较冷,7340
24146,一般,955
24147,一般,2956
24148,一般,4047
24149,一般,4124
24150,一般,501
24151,一般,294
24152,比较冷,12183
24153,一般,1347
24154,比较冷,7858
24155,超级冷,38788
24156,一般,2654
24157,一般,483
24158,一般,39
24159,一般,1008
24160,超级冷,76165
24161,一般,1685
24162,一般,133
24163,一般,1497
24164,一般,1397
24165,一般,1057
24166,一般,2008
24167,超级冷,18288
24168,一般,274
24169,超级冷,510523
24170,一般,489
24171,一般,1874
24172,比较冷,6867
24173,超级冷,45050
24174,超级冷,32949
24175,超级冷,188609
24176,比较冷,6886
24177,超级冷,77329
24178,一般,1693
24179,一般,1268
24180,一般,520
24181,一般,2745
24182,一般,244
24183,比较冷,11806
24184,一般,151
24185,一般,80
24186,比较冷,8976
24187,比较冷,12476
24188,超级冷,15211
24189,比较冷,6472
24190,一般,692
24191,一般,2168
24192,一般,832
24193,一般,4410
24194,一般,1679
24195,一般,2876
24196,一般,4308
24197,一般,252
24198,一般,3078
24199,超级冷,23123
24200,超级冷,105070
24201,超级冷,1677837
24202,一般,215
24203,比较冷,6013
24204,超级冷,18274
24205,比较冷,7115
24206,一般,1751
24207,超级冷,17981
24208,一般,704
25001,超级冷,45724
25002,超级冷,21517
25003,超级冷,33736
25004,比较冷,5446
25005,比较冷,11303
25006,一般,902
25007,超级冷,31218
25008,一般,389
25009,一般,1248
25010,一般,2576
25011,一般,1091
25012,一般,828
25013,超级冷,30997
25014,超级冷,24764
25015,一般,730
25016,一般,168
25017,超级冷,119422
25018,一般,4604
25019,一般,3268
25020,超级冷,31764
25021,比较冷,8563
25022,超级冷,102107
25023,一般,1459
25024,超级冷,118333
25025,超级冷,15323
25026,一般,221
25027,一般,4231
25028,一般,2590
25029,一般,2763
25030,一般,638
25031,一般,2542
25032,一般,3168
25033,比较冷,5196
25034,超级冷,23525
25035,比较冷,7358
25036,超级冷,146821
25037,一般,1697
25038,一般,542
25039,一般,733
25040,比较冷,12380
25041,比较冷,8732
25042,一般,682
25043,超级冷,16130
25044,一般,35
25045,一般,71
25046,比较冷,11078
25047,一般,277
25048,一般,1169
25049,一般,1644
25050,超级冷,24931
25051,超级冷,16983
25052,超级冷,103323
25053,超级冷,17939
25054,超级冷,65436
25055,一般,174
25056,超级冷,42110
25057,比较冷,10999
25058,一般,3600
25059,超级冷,83421
25060,一般,534
25061,一般,2297
25062,一般,950
25063,比较冷,13683
25064,一般,1331
25065,一般,1257
25066,一般,337
25067,一般,416
25068,比较冷,8731
25069,比较冷,5171
25070,一般,1139
25071,一般,1193
25072,比较冷,5476
25073,一般,3061
25074,比较冷,9749
25075,超级冷,17426
25076,比较冷,14919
25077,比较冷,5864
25078,比较冷,6821
25079,一般,3350
25080,一般,680
25081,超级冷,41926
25082,一般,1054
25083,超级冷,195133
25084,比较冷,5672
25085,比较冷,7388
25086,一般,22
25087,一般,144
25088,一般,255
25089,一般,256
25090,一般,1910
25091,一般,264
25092,一般,2326
25093,比较冷,9978
25094,超级冷,35396
25095,一般,585
25096,比较冷,14358
25097,一般,919
25098,一般,1130
25099,一般,2573
25100,比较冷,10073
25101,一般,569
25102,一般,154
25103,超级冷,16027
25104,一般,254
25105,超级冷,31237
25106,比较冷,10536
25107,一般,4852
25108,一般,3363
25109,比较冷,5679
25110,一般,1530
25111,一般,600
25112,比较冷,11311
25113,一般,2205
25114,一般,190
25115,超级冷,70049
25116,超级冷,109177
25117,一般,3237
25118,一般,884
25119,超级冷,18497
25120,比较冷,7048
25121,一般,2238
25122,一般,432
25123,一般,3201
25124,一般,1359
25125,超级冷,339671
25126,一般,177
25127,一般,3
25128,一般,4632
25129,一般,2352
25130,一般,406
25131,一般,825
25132,超级冷,20291
25133,一般,351
25134,一般,2479
25135,一般,1024
25136,比较冷,14252
25137,一般,421
25138,一般,150
25139,超级冷,21256
25140,一般,1651
25141,比较冷,5996
25142,一般,674
25143,一般,78
25144,一般,1412
25145,超级冷,26224
25146,一般,1592
25147,比较冷,5716
25148,一般,223
25149,一般,961
25150,超级冷,24870
25151,超级冷,50814
25152,超级冷,17211
25153,一般,3055
25154,超级冷,20318
25155,一般,1709
25156,一般,973
25157,一般,222
25158,一般,1498
25159,比较冷,5441
25160,一般,496
25161,比较冷,9553
25162,超级冷,19413
25163,超级冷,22106
25164,一般,2558
25165,一般,845
25166,一般,169
25167,一般,1171
25168,一般,3176
25169,一般,4317
25170,一般,2755
25171,比较冷,8306
25172,一般,2406
25173,一般,341
25174,比较冷,11229
25175,一般,374
25176,比较冷,13354
25177,比较冷,8758
25178,比较冷,5400
25179,一般,3611
25180,一般,1111
25181,超级冷,268635
25182,一般,639
25183,超级冷,40754
25184,一般,663
25185,超级冷,44701
25186,一般,110
25187,超级冷,19510
25188,一般,433
25189,比较冷,11210
25190,一般,1906
25191,一般,466
25192,一般,195
25193,超级冷,79934
25194,比较冷,7696
25195,一般,3543
25196,比较冷,13024
26001,超级冷,38768
26002,超级冷,24153
26003,一般,1799
26004,比较冷,8578
26005,一般,29
26006,一般,184
26007,一般,2214
26008,一般,3779
26009,一般,1167
26010,比较冷,14528
26011,超级冷,52497
26012,比较冷,11135
26013,一般,3629
26014,一般,2481
26015,一般,679
26016,超级冷,54296
26017,比较冷,6141
26018,超级冷,24018
26019,一般,1202